Nr.crt. |Denumire transportator autorizat |Nr.inmatriculare |Nr.aut.taxi |Marca |Obs. |
1 |SC GPK ROMTRANS SRL |B 01 GPK |617 |DACIA |  |
2 |SC GPK ROMTRANS SRL |B 02 GPK |137 |DACIA |  |
3 |SC GPK ROMTRANS SRL |B 04 GPK |638 |DACIA |  |
4 |SC MAGAM CONSULT SRL |B 162 GAB |332 |DACIA |  |
5 |SC FAL INTER TRADE LTD SRL |B 63 EKT |35 |DACIA |  |
6 |SC FAL INTER TRADE LTD SRL |B 65 TCO |661 |RENAULT |  |
7 |SC GPK ROMTRANS SRL |B 67 VWI |647 |DACIA |  |
8 |SC GPK ROMTRANS SRL |B 67 VXF |163 |DACIA |  |
9 |II CHIFANE DANUT |B 84 PNN |482 |HYUNDAI |  |
10 |SC AZURRO PREST SRL |B 87 ZWR |684 |DACIA |  |
11 |SC MERYCOS S.R.L. |B 89 GMM |707 |DACIA |  |
12 |SC MIHOC TRANS SRL |B 89 NAA |702 |DACIA |  |
13 |SC MIHOC TRANS SRL |B 89 NAB |733 |DACIA |  |
14 |SC MIHOC TRANS SRL |B 89 NAC |793 |DACIA |  |
15 |SC MIHOC TRANS SRL |B 89 NAR |730 |DACIA |  |
16 |SC MIHOC TRANS SRL |B 89 NBA |805 |DACIA |  |
17 |SC MIHOC TRANS SRL |B 89 NBD |344 |DACIA |  |
18 |SC FAL INTER TRADE LTD SRL |BC 01 ASV |64 |DACIA |  |
19 |SC AZURRO PREST SRL |BC 01 AZR |507 |RENAULT |  |
20 |PFA GRECU MIHAI |BC 01 GMG |366 |DACIA |  |
21 |PFA MOLDOVANU CONSTANTIN |BC 01 LEX |556 |SKODA |  |
22 |PFA INTUNERIC ROMEO |BC 01 MZA |601 |SEAT |  |
23 |PFA NANU CIPRIAN IONUT |BC 01 NAN |72 |PEUGEOT |  |
24 |PFA TANASA MIHAI |BC 01 TMD |866 |DACIA |  |
25 |II ALEXA ANDREI |BC 01 VYP |578 |DACIA |  |
26 |PFA PATRICHE SEVASTIAN |BC 01 XSM |656 |SKODA |  |
27 |SC AZURRO PREST SRL |BC 02 AZR |488 |RENAULT |  |
28 |PFA FILIP PETRU BOGDAN |BC 02 FIL |769 |RENAULT |  |
29 |SC MIHOC TRANS SRL |BC 02 HBG |697 |DACIA |  |
30 |SC HARSTEMAD SRL |BC 02 HSM |412 |RENAULT |  |
31 |SC TAXI FLORINA SRL |BC 02 HUT |378 |DACIA |  |
32 |PFA JESCU NICOLAE ADRIAN |BC 02 JAC |791 |DACIA |  |
33 |II CIUHAT ANDREEA OTILIA |BC 02 KET |442 |DACIA |  |
34 |PFA PAUN IOAN |BC 02 PID |30 |RENAULT |  |
35 |PFA CARABAT EUGEN |BC 02 SBA |244 |DACIA |  |
36 |PFA HANGANU MIHAI |BC 02 SNF |602 |RENAULT |  |
37 |PFA MIHAILA CONSTANTIN-ALIN |BC 02 TTB |511 |DACIA |  |
38 |SC FAL INTER TRADE LTD SRL |BC 02 TZU |362 |AUDI |  |
39 |SC TAXI UYK SRL |BC 02 UYK |829 |DACIA |  |
40 |II ILIESCU TIBERIU |BC 02 WLF |89 |DACIA |  |
41 |II DUMITRICA CONSTANTIN |BC 02 WUW |863 |DACIA |  |
42 |PFA PETRIA VASILE |BC 03 AAV |132 |VOLKSWAGEN |  |
43 |PFA URSACHE ALEXANDRU |BC 03 ANP |403 |DACIA |  |
44 |SC TAXI FLORINA SRL |BC 03 HUT |839 |CHEVROLET |  |
45 |PFA IFTIME DOREL |BC 03 JZN |91 |DACIA |  |
46 |PFA BUNESCU COSTEL |BC 03 KMY |331 |DACIA |  |
48 |PFA MACOVEI VASILE |BC 03 MVM |636 |DACIA |  |
49 |PFA HUTANU VALENTIN |BC 03 MYG |526 |DACIA |  |
50 |PFA AVRAM IONUT LUCIAN |BC 03 PTC |515 |DACIA |  |
51 |SC PROMEDASIG SRL |BC 03 PVB |660 |DACIA |  |
52 |PFA BUZA COSTEL |BC 03 RCB |787 |VOLKSWAGEN |  |
53 |PFA CRISTEA SORIN |BC 03 RME |85 |DACIA |  |
54 |PFA GATU MARIAN |BC 03 XNW |857 |VOLKSWAGEN |  |
55 |PFA SABAU TONI |BC 03 YLL |246 |OPEL |  |
56 |PFA OJOG CONSTANTIN |BC 03 ZSD |452 |DACIA |  |
57 |PFA TIVLEA GHEORGHE |BC 03 ZUG |470 |DACIA |  |
58 |SC RAYMAN SOLUTIONS SRL |BC 04 BEG |492 |DACIA |  |
59 |PFA POPA CORNEL  |BC 04 CTP |288 |DACIA |  |
60 |SC COM ORLEAN SRL |BC 04 DXC |171 |CHEVROLET |  |
61 |PFA URSU IORGU |BC 04 FPC |483 |RENAULT |  |
62 |II PLETEA IONEL |BC 04 HMM |373 |DACIA |  |
63 |II PADURARU GHEORGHE |BC 04 JBO |576 |CHEVROLET |  |
64 |SC I.P.P. TAXI SRL |BC 04 JCE |459 |DACIA |  |
65 |PFA COVRIG CRISTINEL |BC 04 JDV |383 |DACIA |  |
66 |PFA LEONTE IOAN |BC 04 KLU |522 |SKODA |  |
67 |PFA APUSCASITEI ION |BC 04 KYU |612 |OPEL |  |
68 |PFA COJOCARU ION |BC 04 LBE |487 |DACIA |  |
69 |PFA GHEMES VASILE |BC 04 LXW |439 |DACIA |  |
70 |SC ARIS & ARMIN SRL |BC 04 NDS |126 |DACIA |  |
71 |SC FAL INTER TRADE LTD SRL |BC 04 NEF |429 |DACIA |  |
72 |PFA BAISAN CATALIN LIVIU |BC 04 NEO |581 |VOLKSWAGEN |  |
73 |PFA FRANCISCO LEONARD |BC 04 NFN |615 |DACIA |  |
74 |SC COM ORLEAN SRL |BC 04 NSO |550 |DACIA |  |
75 |PFA IFTIMIE GEORGE STEFAN |BC 04 NVM |626 |FORD |  |
76 |SC TAXI FLORINA SRL |BC 04 PTG |189 |DACIA |  |
77 |PFA DUMITRU GHEORGHE |BC 04 PWB |146 |DACIA |  |
78 |PFA NEGEL GABRIEL |BC 04 RCF |644 |DACIA |  |
79 |PFA DOMINTEANU NARCIS |BC 04 RFI |796 |DACIA |  |
80 |PFA PESTE FLORIN |BC 04 RKV |423 |DACIA |  |
81 |PFA SCARLAT VASILE |BC 04 SCA |524 |DACIA |  |
82 |SC FAL INTER TRADE LTD SRL |BC 04 SHU |67 |DACIA |  |
83 |PFA VARLAN ADRIAN |BC 04 SOK |870 |DACIA |  |
84 |PFA CARLAN TEODOR |BC 04 SXX |420 |DACIA |  |
85 |PFA MACHIDON GHEORGHITA |BC 04 TRZ |855 |DACIA |  |
86 |PFA PETRICI DANUT |BC 04 TUC |858 |DACIA |  |
87 |PFA LUNCANU CRISTINEL  |BC 04 TYH |425 |DACIA |  |
88 |PFA APAVALOAE IULIAN NECULAI |BC 04 UHE |451 |DACIA |  |
89 |PFA ROMAN CONSTANTIN |BC 04 VMU |852 |DACIA |  |
90 |II NITA DANUT |BC 04 VPK |187 |SKODA |  |
91 |PFA BIBIRE MIREL MIHAIL |BC 04 WEM |295 |DACIA |  |
92 |PFA TARASMAN GABRIEL |BC 04 XPM |283 |OPEL |  |
93 |PFA CANCEL IOSIF |BC 04 YCC |605 |DACIA |  |
94 |PFA MARIAN COSTEL |BC 04 YRU |657 |DACIA |  |
95 |PFA TIVLEA FLORIN |BC 04 ZMW |803 |DACIA |  |
96 |PFA GARTU VASILE |BC 04 ZNS |845 |DACIA |  |
97 |SC TAXI FLORINA SRL |BC 04 ZRH |790 |DACIA |  |
98 |PFA BOACA IOSIF |BC 05 BID |376 |DACIA |  |
100 |SC ZAP TAXI SRL |BC 05 BTT |213 |SKODA |  |
101 |SC FAL INTER TRADE LTD SRL |BC 05 BUD |209 |DACIA |  |
102 |SC UBC-TRANS SRL |BC 05 BZU |199 |DACIA |  |
103 |PFA ACSINTE EMILIAN |BC 05 CAO |438 |DACIA |  |
104 |PFA URSU CRISTINEL |BC 05 CCR |848 |CHEVROLET |  |
105 |PFA POPA CONSTANTIN |BC 05 CFL |251 |DACIA |  |
106 |PFA MIHALACHE ION DAN |BC 05 CHH |745 |DACIA |  |
107 |SC COM ORLEAN SRL |BC 05 CHV |169 |DACIA |  |
108 |SC PROMEDASIG SRL |BC 05 CJY |274 |DACIA |  |
109 |SC FAL INTER TRADE LTD SRL |BC 05 CKL |568 |DACIA |  |
110 |PFA VRINCIANU COSTEL |BC 05 CMO |114 |CHEVROLET |  |
111 |PFA CHIRIAC CRISTINEL |BC 05 CZI |281 |OPEL |  |
112 |PFA ROSU LIVIU |BC 05 CZL |742 |VOLKSWAGEN |  |
113 |PFA LUNGU IONICA |BC 05 DFX |553 |DACIA |  |
114 |PFA BADEI SANDEL |BC 05 DGS |129 |OPEL |  |
115 |PFA OLARU STEFAN |BC 05 DHX |664 |DACIA |  |
116 |PFA URSACHI LIVIU |BC 05 DLA |744 |DACIA |  |
117 |PFA CIOBANU BOGDAN IULIAN |BC 05 DLW |329 |DACIA |  |
118 |PFA BUSUIOC GHEORGHE |BC 05 EHV |315 |DACIA |  |
119 |PFA OPREA ADRIAN |BC 05 ENH |709 |DACIA |  |
120 |PFA POPA CONSTANTIN DORINEL |BC 05 EPI |506 |SKODA |  |
121 |PFA OANCEA PETRACHE |BC 05 EZD |611 |DACIA |  |
122 |SC TAXI FLORINA SRL |BC 05 FHJ |194 |DACIA |  |
123 |SC MALIRAM SERVICE SRL |BC 05 FLM |801 |DACIA |  |
124 |PFA MILITARU CATALIN IONUT |BC 05 GSL |517 |DACIA |  |
125 |PFA COCEA GUSTAV |BC 05 KGE |732 |DACIA |  |
126 |PFA MATACHE RELU |BC 05 LCN |426 |DACIA |  |
127 |SC MERYCOS S.R.L. |BC 05 LSR |179 |DACIA |  |
128 |PFA COSTRAS COSTACHE |BC 05 LYH |455 |OPEL |  |
129 |PFA CERNAT MARCEL |BC 05 MAR |549 |DACIA |  |
130 |II HAINEALA DUMITRU SORINEL |BC 05 NAJ |265 |OPEL |  |
131 |IF BORTOS GABRIELA |BC 05 NHK |504 |DACIA |  |
132 |PFA PRICOPIE DAN |BC 05 PAR |567 |SKODA |  |
133 |PFA BURLACU IOAN |BC 05 PEG |575 |DACIA |  |
134 |SC MALIRAM SERVICE SRL |BC 05 RFG |579 |DACIA |  |
135 |PFA IORDACHE CEL MARE VASILE |BC 05 RGS |1 |DACIA |marfa |
136 |PFA SOLOT EUGEN |BC 05 SOL |530 |DACIA |  |
137 |II CUCU SILVIU |BC 05 VSP |773 |DACIA |  |
138 |II MUNTEANU CONSTANTIN CRISTINEL |BC 05 WJA |71 |DACIA |  |
139 |PFA DIACONU SEBASTIAN PETRUT |BC 05 XJT |751 |DACIA |  |
140 |PFA IOSUB CATALIN VASILE |BC 05 XNS |202 |DACIA |  |
141 |PFA TOMOZEI VASILE |BC 05 YLE |691 |DACIA |  |
142 |SC MAYABIS LUMY SRL |BC 05 YUO |475 |DACIA |  |
143 |PFA GIURGIUCANU CONSTANTIN |BC 06 ABI |237 |DACIA |  |
144 |PFA OLARU LUCIAN |BC 06 ACL |838 |DACIA |  |
145 |II NICA RAZVAN VASILE |BC 06 BPJ |314 |DACIA |  |
146 |PFA OLARU CRISTIAN |BC 06 CCM |807 |DACIA |  |
147 |SC FAL INTER TRADE LTD SRL |BC 06 CHI |510 |SKODA |  |
148 |II BARDAN VASILE |BC 06 CPG |170 |DACIA |  |
149 |PFA BOAR VASILE TIBERIU |BC 06 DRN |256 |VOLKSWAGEN |  |
150 |PFA ROTARU VASILE |BC 06 FUC |264 |DACIA |  |
152 |PFA OPRISAN NECULAI |BC 06 GNL |625 |RENAULT |  |
153 |SC ELLA TECO TAXI SRL |BC 06 GUC |497 |RENAULT |  |
154 |SC TAXI BARCAN SRL |BC 06 GVI |741 |DACIA |  |
155 |II BUTNARU LUCIAN |BC 06 GWG |348 |CHEVROLET |  |
156 |PFA TATARU CRISTINEL |BC 06 HSU |780 |DACIA |  |
157 |SC MIHOC TRANS SRL |BC 06 HYS |340 |DACIA |  |
158 |PFA BOSMAN GERARD |BC 06 JUA |494 |DACIA |  |
159 |II COZMA ADRIAN |BC 06 JVB |327 |DACIA |  |
160 |SC ARIS & ARMIN SRL |BC 06 JVZ |414 |DACIA |  |
161 |PFA COJOCARIU OVIDIU GABRIEL |BC 06 KHX |619 |DACIA |  |
162 |PFA MELINTE VASILE |BC 06 KTF |200 |DACIA |  |
163 |PFA MIHOC FLORIN |BC 06 KVK |413 |SKODA |  |
164 |II AGACHE TOADER |BC 06 LOW |157 |RENAULT |  |
165 |PFA POPA GHEORGHITA |BC 06 MOM |597 |SKODA |  |
166 |PFA CRETU SORIN |BC 06 MPU |45 |DACIA |  |
167 |SC TAXI FLORINA SRL |BC 06 MYP |618 |DACIA |  |
168 |SC JAN-OVI SRL |BC 06 NGD |431 |DACIA |  |
169 |SC JAN-OVI SRL |BC 06 NJN |121 |DACIA |  |
170 |SC JAN-OVI SRL |BC 06 NJO |184 |DACIA |  |
171 |PFA AMARIEI GABRIELA |BC 06 PMX |746 |DACIA |  |
172 |PFA PATRICHE ION |BC 06 PNY |574 |DACIA |  |
173 |PFA TOFAN MIHAI |BC 06 PXH |474 |RENAULT |  |
174 |PFA SAVA OVIDIU |BC 06 SAV |448 |DACIA |  |
175 |SC STOICA TAXI SRL |BC 06 SNS |123 |DACIA |  |
176 |SC FAL INTER TRADE LTD SRL |BC 06 THW |305 |CHEVROLET |  |
177 |SC FAL INTER TRADE LTD SRL |BC 06 THY |239 |DACIA |  |
178 |PFA PAIU GHEORGHE |BC 06 TTB |760 |DACIA |  |
179 |SC FAL INTER TRADE LTD SRL |BC 06 TTS |37 |SKODA |  |
180 |PFA BASTON VASILE ADRIAN |BC 06 UUR |458 |DACIA |  |
181 |PFA GHICU LIVIU OVIDIU |BC 06 UZV |628 |DACIA |  |
182 |PFA VICOL GABRIEL |BC 06 VIG |454 |DACIA |  |
183 |SC FAL INTER TRADE LTD SRL |BC 06 VXS |320 |DACIA |  |
184 |II ALEXA ANDREI |BC 06 VYP |396 |DACIA |  |
185 |SC EVO GRUP MOLDOVA SRL |BC 06 WMR |69 |RENAULT |  |
186 |II NICA RAZVAN VASILE |BC 06 WPB |224 |DACIA |  |
187 |SC FAL INTER TRADE LTD SRL |BC 06 WSR |46 |DACIA |  |
188 |SC TAXI FLORINA SRL |BC 06 XRM |335 |DACIA |  |
189 |PFA RADUCAN VIOREL |BC 06 XWT |134 |DACIA |  |
190 |II SUTU IULIEAN |BC 06 XWV |107 |DACIA |  |
191 |PFA VRACIU PETRU |BC 06 YKR |16 |OPEL |  |
192 |SC CAB SERVICE SRL |BC 06 YLY |548 |RENAULT |  |
193 |PFA CIOBANU HORIA |BC 06 YOA |310 |DACIA |  |
194 |PFA OJOG-NECHITA CONSTANTIN |BC 06 ZBN |167 |DACIA |  |
195 |II MICLAUS FABIAN |BC 06 ZCF |298 |DACIA |  |
196 |PFA POPA CORNELIU  |BC 06 ZMJ |521 |DACIA |  |
197 |PFA JUNCU MIHAI CATALIN |BC 06 ZWD |105 |DACIA |  |
198 |SC FAL INTER TRADE LTD SRL |BC 06 ZXU |230 |RENAULT |  |
199 |SC FAL INTER TRADE LTD SRL |BC 06 ZZB |5 |DACIA |  |
200 |PFA CHELARU DANIEL CONSTANTIN |BC 07 AJR |514 |SKODA |  |
201 |PFA FILIP OVIDIU MARCEL |BC 07 ATO |215 |DACIA |  |
202 |PFA BIBIRE VICTOR FLORIN |BC 07 AXI |547 |FORD |  |
204 |SC FAL INTER TRADE LTD SRL |BC 07 EMA |25 |DACIA |  |
205 |SC FAL INTER TRADE LTD SRL |BC 07 FCY |11 |RENAULT |  |
206 |PFA BOTOC GEORGICA |BC 07 GAL |407 |CHEVROLET |  |
207 |PFA OPREA VASILE |BC 07 JDJ |382 |DACIA |  |
208 |SC FAL INTER TRADE LTD SRL |BC 07 JHU |22 |DACIA |  |
209 |PFA BUCUR ADRIAN IONEL |BC 07 LOU |49 |DACIA |  |
210 |SC MERYCOS S.R.L. |BC 07 LSR |436 |DACIA |  |
211 |PFA PRISECARU IOAN |BC 07 LWT |380 |DACIA |  |
212 |SC FAL INTER TRADE LTD SRL |BC 07 RKJ |430 |DACIA |  |
213 |SC FAL INTER TRADE LTD SRL |BC 07 RLP |14 |DACIA |  |
214 |SC FAL INTER TRADE LTD SRL |BC 07 THM |518 |DACIA |  |
215 |PFA STANCIU VASILE |BC 07 TTB |225 |DACIA |  |
216 |PFA CIUCHE SORINEL |BC 07 WZR |368 |DACIA |  |
217 |SC FAL INTER TRADE LTD SRL |BC 07 XEZ |592 |RENAULT |  |
218 |SC FAL INTER TRADE LTD SRL |BC 07 XMA |346 |DACIA |  |
219 |SC FAL INTER TRADE LTD SRL |BC 07 XMB |371 |DACIA |  |
220 |SC FAL INTER TRADE LTD SRL |BC 07 XMC |753 |DACIA |  |
221 |PFA GHINDEA ADRIEAN |BC 07 XZU |445 |CHEVROLET |  |
222 |SC CANOLIA COM SRL |BC 07 YCA |175 |DACIA |  |
223 |PFA PANAITESCU SALUST MIRCEA |BC 07 YRF |811 |SKODA |  |
224 |PFA SANDULEAN DOREL CEZAR |BC 07 YXH |349 |DACIA |  |
225 |SC CAB SERVICE SRL |BC 08 ACL |152 |FORD |  |
226 |SC DAMIRIS SERVICES SRL |BC 08 AGG |440 |DACIA |  |
227 |PFA HRIBAN GHEORGHE |BC 08 AHU |84 |DACIA |  |
228 |SC FAL INTER TRADE LTD SRL |BC 08 BHR |593 |DACIA |  |
229 |PFA PARDOSEANU CATALIN |BC 08 CAT |87 |RENAULT |  |
230 |PFA CARNU NECULAI CIPRIAN |BC 08 CNC |405 |SKODA |  |
231 |SC FAL INTER TRADE LTD SRL |BC 08 DAM |36 |OPEL |  |
232 |PFA URSACHE VASILE |BC 08 DFK |623 |RENAULT |  |
233 |PFA RUSU BENONE |BC 08 DGN |133 |RENAULT |  |
234 |PFA BARCAN CALIN CONSTANTIN |BC 08 DHD |712 |DACIA |  |
235 |SC FAL INTER TRADE LTD SRL |BC 08 DIU |416 |DACIA |  |
236 |PFA BLAJ IULIAN |BC 08 DKH |798 |VOLKSWAGEN |  |
237 |PFA MIHALCEA IONEL |BC 08 DYN |248 |DACIA |  |
238 |PFA CHITARU CRISTIAN |BC 08 FZE |6 |SEAT |  |
239 |SC FAL INTER TRADE LTD SRL |BC 08 GVG |789 |OPEL |  |
240 |SC FAL INTER TRADE LTD SRL |BC 08 GWH |270 |DACIA |  |
241 |SC TAXI FLORINA SRL |BC 08 GYC |847 |DACIA |  |
242 |SC FAL INTER TRADE LTD SRL |BC 08 HDG |242 |DACIA |  |
243 |II NICA RAZVAN VASILE |BC 08 HKH |185 |DACIA |  |
244 |SC ROTMIH TAXI SRL |BC 08 HRH |216 |DACIA |  |
245 |PFA DIACONU DAN |BC 08 HTS |654 |FORD |  |
246 |PFA CHIRIBAU MIHAI |BC 08 KIT |539 |RENAULT |  |
247 |PFA BARDAN CONSTANTIN |BC 08 KVX |370 |DACIA |  |
248 |PFA POPA CONSTANTIN |BC 08 LCZ |94 |CHEVROLET |  |
249 |SC MERYCOS S.R.L. |BC 08 LSR |75 |DACIA |  |
250 |PFA BALAITA ADRIAN |BC 08 MHZ |232 |OPEL |  |
251 |PFA NEACSU CONSTANTIN EMANUEL |BC 08 NCE |670 |DACIA |  |
252 |PFA LUCACI ADRIAN |BC 08 NRZ |571 |DACIA |  |
253 |SC FAL INTER TRADE LTD SRL |BC 08 PEI |428 |RENAULT |  |
254 |SC TAXI UYK SRL |BC 08 PIS |802 |DACIA |  |
256 |II GRADINARU RODICA |BC 08 POZ |56 |DACIA |  |
257 |PFA CIOBANU DRAGOS STEFAN |BC 08 SVH |234 |DACIA |  |
258 |PFA VINTILA DUMITRU |BC 08 TAF |100 |FIAT |  |
259 |PFA HUGHINEATA CLAUDIU FRANCISC |BC 08 TKX |683 |RENAULT |  |
260 |SC NICMARIMAD TAXI SRL |BC 08 TNE |233 |RENAULT |  |
261 |SC FAL INTER TRADE LTD SRL |BC 08 TRN |409 |DACIA |  |
262 |SC MARALEX CAR SRL |BC 08 UAC |282 |DACIA |  |
263 |PFA MEI-ROS VICTOR VALENTIN |BC 08 UCK |116 |VOLKSWAGEN |  |
264 |SC TAXI FLORINA SRL |BC 08 UWJ |844 |FORD |  |
265 |PFA MIRON PUIU |BC 08 VTZ |95 |DACIA |  |
266 |SC FAL INTER TRADE LTD SRL |BC 08 VXO |47 |DACIA |  |
267 |PFA SCOMOROSCHI SANDRINO ALEXANDRU |BC 08 WGY |757 |DACIA |  |
268 |PFA DOROBAT ADRIAN |BC 08 WJF |536 |FORD |  |
269 |SC JAN-OVI SRL |BC 08 XPN |469 |DACIA |  |
270 |PFA MOGA CONSTANTIN |BC 09 ANK |162 |SKODA |  |
271 |PFA BOGATU GEORGEL |BC 09 BGM |96 |DACIA |  |
272 |SC CHITARU SPEED SRL |BC 09 CEH |406 |DACIA |  |
273 |PFA MIHALACHE CONSTANTIN |BC 09 CMM |850 |RENAULT |  |
274 |PFA BUCATARU GHEORGHE |BC 09 GYG |300 |DACIA |  |
275 |SC HARSTEMAD SRL |BC 09 HSM |360 |DACIA |  |
276 |SC MERYCOS S.R.L. |BC 09 LSR |701 |DACIA |  |
277 |PFA MACOVEI CONSTANTIN |BC 09 TOT |698 |DACIA |  |
278 |PFA MUSCALU MARIA |BC 09 TTB |397 |CHEVROLET |  |
279 |PFA AGAFITEI ROMEO |BC 10 AGA |621 |DACIA |  |
280 |PFA CRAESCU COSMIN ALEXANDRU |BC 10 BBD |128 |DACIA |  |
281 |PFA DANU FLORINEL |BC 10 FAX |421 |SKODA |  |
282 |SC CAB SERVICE SRL |BC 10 FLR |53 |DACIA |  |
283 |SC MITLENTAX SRL |BC 10 GSA |124 |DACIA |  |
284 |PFA DANIS MARICEL RADUCU |BC 10 JIL |303 |SKODA |  |
285 |PFA COJOCARU TIBERIU-VASILE |BC 10 KSY |501 |VOLKSWAGEN |  |
286 |SC MERYCOS S.R.L. |BC 10 LSR |785 |DACIA |  |
287 |PFA MAGIRESCU ZAHARIA COSTEL |BC 10 MZC |263 |DACIA |  |
288 |PFA POPA ENACHE CIPRIAN |BC 10 PEG |272 |MERCEDES |  |
289 |PFA COJOCARU CONSTANTIN |BC 10 PUR |341 |DACIA |  |
290 |PFA SEINAJ ION |BC 10 ROD |846 |HYUNDAI |  |
291 |II MATEI PAUL CODRIN |BC 11 KOD |520 |DACIA |  |
292 |SC MALIRAM SERVICE SRL |BC 11 MLR |532 |DACIA |  |
293 |PFA RADU VASILE |BC 11 RCV |166 |DACIA |  |
294 |SC FAL INTER TRADE LTD SRL |BC 11 UHA |207 |FIAT |  |
295 |PFA VASLUIANU IULIAN |BC 11 ULI |739 |FORD |  |
296 |SC TAXI UYK SRL |BC 11 UYK |502 |DACIA |  |
297 |PFA ZARZU IULIAN VALENTIN |BC 11 ZRZ |90 |DACIA |  |
298 |PFA CIOCAN NICOLAE |BC 12 CNM |447 |RENAULT |  |
299 |PFA CANSCHI V.VASILE |BC 12 CYP |17 |DACIA |  |
300 |PFA MIHAILA VALENTIN |BC 12 DMV |262 |TOYOTA |  |
301 |PFA DOROFTEI VASILE |BC 12 DOV |816 |FORD |  |
302 |SC MERYCOS S.R.L. |BC 12 LSR |784 |DACIA |  |
303 |PFA RADU VIOREL |BC 12 ROA |595 |OPEL |  |
304 |PFA TANASE DANUT |BC 12 TED |832 |OPEL |  |
305 |PFA TEPES EUGEN |BC 12 TZE |232* |DACIA |  |
306 |PFA ANISIA VIOREL |BC 12 VYO |88 |DACIA |  |
308 |SC SEVEN & THREE SRL |BC 13 AWR |150 |DACIA |  |
309 |PFA DUMITRIU IOAN |BC 13 DDD |2 |RENAULT |  |
310 |PFA FLOREA IONEL CATALIN |BC 13 FIC |867 |OPEL |  |
311 |PFA BALUTA DUMITRU |BC 13 MIT |545 |DACIA |  |
312 |PFA PAVELUC VASILE |BC 13 PAV |351 |DACIA |  |
313 |PFA BOGESCU RADU GIGI |BC 13 RAI |269 |HYUNDAI |  |
314 |SC ZAP TAXI SRL |BC 14 BTT |229 |SKODA |  |
315 |PFA POPOVICI ALEXANDRU-CODRUT |BC 14 CAV |183 |DACIA |  |
316 |PFA STANCILA IONEL CATALIN |BC 14 CIM |81 |RENAULT |  |
317 |PFA BIGHIU CIPRIAN NICOLAE |BC 14 DCA |109 |DACIA |  |
318 |SC MERYCOS S.R.L. |BC 14 LSR |627 |DACIA |  |
319 |SC FAL INTER TRADE LTD SRL |BC 14 SOS |399 |DACIA |  |
320 |PFA BARZU LAZAR CRISTINEL |BC 14 STI |629 |OPEL |  |
321 |PFA MARIAN ALINA-PETRONELA |BC 14 SYA |676 |FORD |  |
322 |PFA DAMOC ADRIAN |BC 15 DAM |546 |CHEVROLET |  |
323 |PFA STANCIU CATALIN CONSTANTIN |BC 15 DCN |15 |DACIA |  |
324 |PFA FANARU DANIEL LAURENTIU |BC 15 DIS |149 |DACIA |  |
325 |PFA LISITA NELU |BC 15 LIS |135 |DACIA |  |
326 |SC MERYCOS S.R.L. |BC 15 LSR |728 |DACIA |  |
327 |PFA PANAITE ADRIAN IONEL |BC 15 MAP |326 |SKODA |  |
328 |PFA SANDU ION |BC 15 SND |473 |DACIA |  |
329 |SC MALIRAM SERVICE SRL |BC 15 TMC |843 |DACIA |  |
330 |PFA AMARIUTEI NECULAI |BC 15 TTB |158 |DACIA |  |
331 |PFA NASCU VALI |BC 16 ABV |364 |DACIA |  |
332 |PFA MANDREA MARICEL |BC 16 AIL |296 |SKODA |  |
333 |PFA BETIUC DAN NECULAI |BC 16 BEL |478 |DACIA |  |
334 |PFA BARCACEANU IOAN DAN |BC 16 BID |353 |VOLKSWAGEN |  |
335 |PFA OJOG LIVIU VASILE |BC 16 LOR |180 |DACIA |  |
336 |SC MERYCOS S.R.L. |BC 16 LSR |758 |DACIA |  |
337 |SC FAL INTER TRADE LTD SRL |BC 16 MRN |40 |RENAULT |  |
338 |PFA MATEI VASILE |BC 16 MTV |534 |RENAULT |  |
339 |PFA POPA SIMONA |BC 16 PSC |749 |DACIA |  |
340 |PFA CHIRVASE ROBERT RADU |BC 16 RAD |290 |DACIA |  |
341 |PFA IRIMIA COSTICA |BC 16 SSS |141 |DACIA |  |
342 |SC DEMI PROFI SRL |BC 17 HOG |76 |DACIA |  |
343 |II IACOVICI EDUARD |BC 17 KOD |726 |DACIA |  |
344 |SC MERYCOS S.R.L. |BC 17 LSR |779 |DACIA |  |
345 |PFA RUSU SERGIU IONEL |BC 17 SER |823 |DACIA |  |
346 |PFA IRIMIA C.COSTICA  |BC 17 SSS |531 |DACIA |  |
347 |PFA TINCA VASILE |BC 17 VMB |516 |SKODA |  |
348 |PFA BACIU CRISTIAN DANIEL |BC 18 ALF |32 |PEUGEOT |  |
349 |SC GELUCOM CARS SRL |BC 18 BIM |690 |DACIA |  |
350 |PFA BERUSCA VIOREL |BC 18 DIV |682 |DACIA |  |
351 |SC UBC-TRANS SRL |BC 18 FAV |828 |DACIA |  |
352 |PFA LUNGU CATALIN |BC 18 TTB |624 |DACIA |  |
353 |SC MALIRAM SERVICE SRL |BC 18 YUO |738 |DACIA |  |
354 |PFA CALIN RAZVAN |BC 19 BAH |159 |VOLKSWAGEN |  |
355 |SC MALIRAM SERVICE SRL |BC 19 BYT |755 |DACIA |  |
356 |PFA CODREANU MARIAN |BC 19 MLS |486 |DACIA |  |
357 |SC CANOLIA COM SRL |BC 20 CAS |28 |RENAULT |  |
358 |SC MERYCOS S.R.L. |BC 20 LSR |177 |DACIA |  |
360 |PFA PETECUTA PAUL PETRU |BC 20 TOR |278 |SKODA |  |
361 |PFA OLARU IOAN |BC 20 URS |155 |DACIA |  |
362 |PFA AMARIUTEI AUREL |BC 21 AMA |106 |VOLKSWAGEN |  |
363 |PFA LACATUSU CONSTANTIN |BC 21 CTN |98 |DACIA |  |
364 |SC FAL INTER TRADE LTD SRL |BC 21 SYM |277 |DACIA |  |
365 |SC CANOLIA COM SRL |BC 22 CAS |27 |DACIA |  |
366 |PFA HONGU CONSTANTIN |BC 22 DDC |441 |DACIA |  |
367 |SC MALIRAM SERVICE SRL |BC 22 GPK |718 |DACIA |  |
368 |SC RADIOVIS SRL |BC 22 SDR |555 |VOLKSWAGEN |  |
369 |PFA AMARIEI LUCIAN |BC 22 VIP |31 |DACIA |  |
370 |PFA OANCEA VASILE DANIEL |BC 23 DJL |650 |OPEL |  |
371 |PFA BUDA NECULAI |BC 23 NYC |338 |DACIA |  |
372 |SC IVAN TAXI SRL |BC 23 SCR |363 |DACIA |  |
373 |II ANASIE RAZVAN-CONSTANTIN |BC 24 COS |402 |DACIA |  |
374 |PFA GRIGORAS GHEORGHE CATALIN |BC 24 NFS |727 |DACIA |  |
375 |PFA PATRICHI VIRGIL |BC 24 RBR |104 |DACIA |  |
376 |PFA MONDAN COSTICA |BC 24 RIM |29 |DACIA |  |
377 |SC FAL INTER TRADE LTD SRL |BC 25 AMN |8 |DACIA |  |
378 |SC TAXI FLORINA SRL |BC 25 BUB |392 |DACIA |  |
379 |PFA CIMPOESU VASILE |BC 25 LGM |674 |OPEL |  |
380 |SC MERYCOS S.R.L. |BC 25 LSR |737 |DACIA |  |
381 |PFA CIUTA VIRGIL IONUT |BC 25 VAM |585 |DACIA |  |
382 |II ANTOHE MARIAN CORNEL |BC 25 YCE |467 |RENAULT |  |
383 |PFA BOTEZ ALEXANDRU |BC 26 AEB |859 |DACIA |  |
384 |PFA PAULET MITRU |BC 26 AMA |607 |DACIA |  |
385 |SC PETRONELA CIOFU SRL |BC 26 CYO |528 |DACIA |  |
386 |PFA MUNTEANU DRAGOS-ALEXANDRU |BC 26 MDA |286 |RENAULT |  |
387 |PFA OLARU VASILE |BC 26 TTB |756 |DACIA |  |
388 |PFA ARGINT GHEORGHE CRISTIAN |BC 27 ARG |316 |DACIA |  |
389 |PFA GHENADE CRISTIAN DUMITRU |BC 27 GCD |415 |DACIA |  |
390 |SC UBC-TRANS SRL |BC 27 GLI |400 |CHEVROLET |  |
391 |SC GPK ROMTRANS SRL |BC 27 GPK |572 |DACIA |  |
392 |PFA COJOCARU LIVIU-CONSTANTIN |BC 27 LYW |201 |DACIA |  |
393 |SC CAB SERVICE SRL |BC 27 MAX |151 |DACIA |  |
394 |PFA MIHAILA CARMEN-NICOLETA |BC 27 RCA |808 |DACIA |  |
395 |SC TAXI UYK SRL |BC 27 UYK |336 |DACIA |  |
396 |PFA BARBUTA LIVIU |BC 28 AGL |725 |FORD |  |
397 |PFA AVADANEI GHEORGHE |BC 28 AMG |365 |VOLKSWAGEN |  |
398 |PFA TINCA VASILE BOGDAN |BC 28 BOG |164 |VOLKSWAGEN |  |
399 |PFA BUSUIOC MADALIN CONSTANTIN |BC 28 MDL |797 |FIAT |  |
400 |PFA BALAITA FLORIN  |BC 28 MIF |512 |DACIA |  |
401 |PFA SENTES CLAUDIU IOSIF |BC 28 REB |317 |AUDI |  |
402 |PFA ROSCA SORIN |BC 28 RMS |599 |VOLKSWAGEN |  |
403 |PFA PURICE VASILE |BC 28 VAS |374 |DACIA |  |
404 |PFA URSU CONSTANTIN |BC 29 ACL |695 |DACIA |  |
405 |SC ROTMIH TAXI SRL |BC 29 DAN |39 |DACIA |  |
406 |PFA BENDER LIVIU |BC 29 MDR |156 |TOYOTA |  |
407 |PFA FOTACHE COSTEL |BC 29 PCL |211 |DACIA |  |
408 |PFA PINZARU ROMICA MIRCEA |BC 29 RBK |767 |DACIA |  |
409 |PFA PRISACARU RITU |BC 29 RMB |564 |SKODA |  |
410 |PFA MIHAILA RAMONA |BC 29 RMY |102 |DACIA |  |
412 |IF CIOBANU CONSTANTIN DANIEL |BC 30 ADR |267 |DACIA |  |
413 |PFA BARCAN BOGDAN GABRIEL |BC 30 AGB |835 |DACIA |  |
414 |PFA SMEU MIHAITA |BC 30 DAR |485 |VOLKSWAGEN |  |
415 |SC MERYCOS S.R.L. |BC 30 LSR |586 |DACIA |  |
416 |PFA ADAMUTA LUCIAN VASILE |BC 30 MYS |235 |VOLKSWAGEN |  |
417 |PFA MILEA LUCIAN |BC 30 RDL |542 |SKODA |  |
418 |SC TAXI FLORINA SRL |BC 30 TIC |260 |DACIA |  |
419 |PFA NECHITA NATALIA |BC 30 TTB |812 |DACIA |  |
420 |SC TAXI FLORINA SRL |BC 31 CIP |604 |DACIA |  |
421 |PFA GOLDAN CIPRIAN |BC 31 DEA |814 |CITROEN |  |
422 |PFA HUSANU FELICIAN |BC 31 DGF |101 |DACIA |  |
423 |PFA CERCEL EMANOIL |BC 31 DIL |634 |DACIA |  |
424 |PFA LAZAR VASILE |BC 31 EDI |68 |DACIA |  |
425 |PFA FLOREA LUCIAN TUDOREL |BC 31 LRD |63 |DACIA |  |
426 |PFA FARTADE ANTON |BC 31 TON |424 |SKODA |  |
427 |PFA GHIDU VASILE |BC 31 TTB |723 |DACIA |  |
428 |PFA POPA MIODRAG CIPRIAN |BC 32 CYP |587 |FORD |  |
429 |II ANTOHE MARIAN CORNEL |BC 32 YCE |541 |DACIA |  |
430 |PFA MITITELU CORNEL |BC 33 ANG |204 |DACIA |  |
431 |PFA MANDRU CATALIN FLORIN |BC 33 DXD |653 |VOLKSWAGEN |  |
432 |SC MALIRAM SERVICE SRL |BC 33 GPK |721 |DACIA |  |
433 |II ANTOHE MARIAN CORNEL |BC 33 YCE |748 |DACIA |  |
434 |PFA CHIRILA AUREL |BC 34 JAD |375 |CHEVROLET |  |
435 |SC TAXI FLORINA SRL |BC 34 MGM |817 |DACIA |  |
436 |PFA MARTIN IULIAN |BC 35 SEB |391 |DACIA |  |
437 |PFA BITER IULIAN MARIAN |BC 35 TTB |422 |DACIA |  |
438 |SC FAL INTER TRADE LTD SRL |BC 35 YUS |66 |DACIA |  |
439 |II GONTARU CONSTANTIN |BC 36 ADI |390 |DACIA |  |
440 |PFA LUNCANU DRAGOS |BC 36 MAD |241 |SKODA |  |
441 |PFA NECHITA CRISTINEL |BC 36 TTB |144 |SKODA |  |
442 |SC ELLA TECO TAXI SRL |BC 37 TKE |818 |DACIA |  |
443 |PFA NASTASE IOAN |BC 38 CCA |596 |VOLKSWAGEN |  |
444 |PFA OLARU ADI-CLAUDIU |BC 38 CLS |120 |VOLVO |  |
445 |SC GIULIA ANDRADA SRL |BC 38 MAC |499 |DACIA |  |
446 |PFA PUPAZA ALEXANDRU |BC 38 TTB |58 |DACIA |  |
447 |SC ARY & NIK SERV 888 SRL |BC 39 ADR |41 |CHEVROLET |  |
448 |PFA LACOVEI VASILE |BC 39 LAC |222 |DACIA |  |
449 |PFA OJOG COSTEL |BC 40 JOG |174 |PEUGEOT |  |
450 |SC MERYCOS S.R.L. |BC 40 LSR |358 |DACIA |  |
451 |PFA SABAU STELIAN |BC 40 STE |196 |SKODA |  |
452 |PFA ZLAT LENUTA |BC 41 LEN |287 |DACIA |  |
453 |PFA CHILIANU DANUT |BC 42 CHI |139 |VOLKSWAGEN |  |
454 |PFA BRAILOIU MIRCEA-CONSTANTIN |BC 42 CSM |394 |RENAULT |  |
455 |PFA BENEDIC MARICEL |BC 42 ROX |853 |SKODA |  |
456 |PFA MUNTEANU RELU |BC 42 UBB |26 |RENAULT |  |
457 |PFA MALINESCU COSTEL CATALIN |BC 43 AMC |613 |DACIA |  |
458 |SC HARSTEMAD SRL |BC 43 MOS |831 |DACIA |  |
459 |PFA BARNEA ION |BC 44 BIL |276 |DACIA |  |
460 |PFA PINTILIE VASILE |BC 44 PIN |387 |FIAT |  |
461 |SC CANOLIA COM SRL |BC 45 CAS |466 |DACIA |  |
462 |SC MERYCOS S.R.L. |BC 45 LSR |795 |DACIA |  |
464 |PFA CHIRIAC IULIAN |BC 46 CHI |781 |RENAULT |  |
465 |II CIUCHI LAURA NICULINA |BC 46 STF |642 |DACIA |  |
466 |PFA CASAPU CRISTIAN EUGEN |BC 46 YAC |598 |DACIA |  |
467 |IF CAPITANU GHEORGHE |BC 47 CPT |82 |DACIA |  |
468 |SC GPK ROMTRANS SRL |BC 47 GPK |710 |DACIA |  |
469 |PFA LACOVEI SAMUEL |BC 47 LAC |350 |RENAULT |  |
470 |SC RAYMAN SOLUTIONS SRL |BC 47 RAY |782 |DACIA |  |
471 |PFA MANCAS ADRIAN |BC 47 TTB |113 |DACIA |  |
472 |IF HARNAGEA MITICA |BC 49 BSJ |50 |DACIA |  |
473 |SC FAL INTER TRADE LTD SRL |BC 49 DAC |43 |RENAULT |  |
474 |II ALEXA ANDREI |BC 49 VIP |736 |DACIA |  |
475 |PFA ZADEA FLORINEL |BC 49 ZAD |735 |DACIA |  |
476 |SC MERYCOS S.R.L. |BC 50 LSR |181 |DACIA |  |
477 |PFA HURA DUMITRU CIPRIAN |BC 50 NYC |411 |DACIA |  |
478 |PFA RADU IOAN |BC 50 RAI |582 |OPEL |  |
479 |IF ARGINT GHEORGHE |BC 51 ARG |147 |FORD |  |
480 |PFA STEFANESCU CATINEL CONSTANTIN |BC 51 BIA |668 |DACIA |  |
481 |PFA NASTASE VASILE |BC 51 LYC |826 |DACIA |  |
482 |PFA MUNTEANU VASILE |BC 51 MAD |490 |DACIA |  |
483 |PFA DIACONU IONICA |BC 51 NUR |73 |DACIA |  |
484 |PFA IVAN CRISTINEL |BC 51 VAN |525 |OPEL |  |
485 |PFA STAN IOAN |BC 51 YCY |465 |DACIA |  |
486 |PFA ARITON ION |BC 52 AIG |212 |DACIA |  |
487 |PFA STAN IONUT |BC 52 DEN |561 |DACIA |  |
488 |PFA CHIREAC GHIORGHE |BC 52 GAM |86 |RENAULT |  |
489 |PFA DASCALU PETRE |BC 52 KMY |631 |FORD |  |
490 |PFA ARTENE RADU IONUT |BC 52 LOR |861 |DACIA |  |
491 |PFA CERNAT MILICA |BC 52 SBA |182 |DACIA |  |
492 |PFA BALAITA VASILE |BC 53 BVD |481 |DACIA |  |
493 |PFA LEPSA MIHAI |BC 53 EMA |322 |NISSAN |  |
494 |PFA NEDITA IOAN |BC 53 NNN |328 |DACIA |  |
495 |PFA PINTILIE NICOLAE |BC 53 PIN |210 |SKODA |  |
496 |PFA ABABEI PETRICA |BC 54 ABA |544 |DACIA |  |
497 |PFA ARTENE ION |BC 54 LOR |834 |AUDI |  |
498 |PFA GHINDEA FLORIN |BC 55 FLR |444 |CHEVROLET |  |
499 |SC MERYCOS S.R.L. |BC 55 LSR |821 |DACIA |  |
500 |PFA BERBECE SORINEL |BC 55 SRN |770 |DACIA |  |
501 |SC TAXI UYK SRL |BC 55 WTX |703 |DACIA |  |
502 |PFA POPA IOAN |BC 56 DCI |716 |DACIA |  |
503 |PFA GABUREANU PETRICA |BC 56 GAP |255 |DACIA |  |
504 |PFA DIMOFTE PAUL PAVEL |BC 57 DPP |369 |DACIA |  |
505 |PFA IFTIMIE GHEORGHE |BC 57 GYF |228 |DACIA |  |
506 |PFA CARAZA TEOFIL |BC 57 LUL |258 |DACIA |  |
507 |PFA CUCU CONSTANTIN |BC 57 TIC |44 |DACIA |  |
508 |PFA TABACARU IONEL |BC 57 TLD |339 |SKODA |  |
509 |PFA DUMITRU STEFAN |BC 58 DAN |648 |DACIA |  |
510 |SC ROBERTO & JESSICA SRL |BC 58 LAW |819 |DACIA |  |
511 |PFA POP IONUT BOGDAN |BC 58 POP |178 |VOLKSWAGEN |  |
512 |SC FAL INTER TRADE LTD SRL |BC 58 RUM |498 |DACIA |  |
513 |IF MAXIM CONSTANTIN |BC 59 CNG |435 |DACIA |  |
514 |IF SAVIN GABRIEL CONSTANTIN |BC 59 GAB |537 |DACIA |  |
516 |PFA OCHIANA GHEORGHE |BC 60 GHI |449 |FORD |  |
517 |II VIRLAN MIHAI |BC 60 LCM |771 |OPEL |  |
518 |SC MERYCOS S.R.L. |BC 60 LSR |700 |DACIA |  |
519 |PFA IFTIMIE FLOREA |BC 60 SEF |477 |DACIA |  |
520 |PFA ANTOCHE SORIN FLORIN |BC 60 TTB |678 |DACIA |  |
521 |PFA CONDREA CONSTANTIN |BC 61 DNS |687 |DACIA |  |
522 |PFA TOMOZEI GHEORGHE |BC 61 GOF |484 |DACIA |  |
523 |PFA STIRBU AUREL |BC 61 SAI |432 |DACIA |  |
524 |PFA OANCEA VASILE   |BC 61 WOW |680 |DACIA |  |
525 |PFA PALADE GHEORGHE |BC 62 PAL |662 |DACIA |  |
526 |SC FAL INTER TRADE LTD SRL |BC 62 RAM |321 |DACIA |  |
527 |PFA POPA LUCIAN |BC 62 RAR |103 |VOLKSWAGEN |  |
528 |PFA STOLERU IONEL |BC 62 STO |311 |DACIA |  |
529 |PFA UNGUREANU TRAIAN |BC 62 TUN |675 |DACIA |  |
530 |PFA NOSEC CRISTIAN OVIDIU |BC 63 NOS |614 |OPEL |  |
531 |PFA BOIAN MARIUS |BC 64 MSM |323 |RENAULT |  |
532 |PFA GAVRILESCU BOGDAN GABRIEL |BC 64 MYS |33 |DACIA |  |
533 |PFA STRAT VASILE |BC 64 ZOR |750 |DACIA |  |
534 |PFA BURSUC NICOLAE-ADRIAN |BC 65 AMR |309 |RENAULT |  |
535 |SC CAB SERVICE SRL |BC 65 LEU |97 |DACIA |  |
536 |PFA VRABIE VASILE |BC 65 VAL |535 |OPEL |  |
537 |SC TAXI FLORINA SRL |BC 66 ELY |724 |DACIA |  |
538 |PFA PRICOP ROMICA |BC 66 MYR |489 |DACIA |  |
539 |PFA PAVELUC GHEORGHE |BC 66 PAW |533 |DACIA |  |
540 |PFA OANCEA PETRICA |BC 66 PTR |747 |RENAULT |  |
541 |II BRANDIU CARMEN |BC 66 SOR |786 |VOLKSWAGEN |  |
542 |SC TAXI UYK SRL |BC 66 UYK |672 |DACIA |  |
543 |SC HARSTEMAD SRL |BC 67 DOR |138 |DACIA |  |
544 |PFA MOISA GHEORGHE |BC 67 MID |462 |DACIA |  |
545 |PFA PASANIUC SORIN |BC 67 SLP |294 |DACIA |  |
546 |PFA ANDRIES COSTICA |BC 68 TIT |131 |DACIA |  |
547 |SC MALIRAM SERVICE SRL |BC 69 AXL |686 |DACIA |  |
548 |SC TAXI FLORINA SRL |BC 69 DEC |551 |DACIA |  |
549 |PFA LUPU IOAN |BC 69 LUP |393 |DACIA |  |
550 |PFA MARCU VASILE |BC 69 MIR |285 |DACIA |  |
551 |PFA DOROBAT IOAN |BC 69 ROA |633 |DACIA |  |
552 |PFA POPA SORIN DANUT |BC 69 SOR |173 |VOLKSWAGEN |  |
553 |SC NICMARIMAD TAXI SRL |BC 69 ZAH |573 |FORD |  |
554 |PFA SARGU VIOREL |BC 70 GSA |559 |VOLKSWAGEN |  |
555 |SC LUNLOR SRL |BC 70 LAL |765 |RENAULT |  |
556 |SC MERYCOS S.R.L. |BC 70 LSR |804 |DACIA |  |
557 |PFA MANOLACHI GHEORGHI |BC 70 MGM |565 |DACIA |  |
558 |PFA SPIRIDON GABRIEL |BC 70 SGA |398 |DACIA |  |
559 |PFA BARTIC GABRIEL |BC 71 BAR |381 |CHEVROLET |  |
560 |PFA COTEANU IULIAN |BC 71 GAB |503 |VOLKSWAGEN |  |
561 |SC FAL INTER TRADE LTD SRL |BC 71 LCB |3 |RENAULT |  |
562 |II DUMITRICA CONSTANTIN |BC 71 LIR |7 |DACIA |  |
563 |SC CAB SERVICE SRL |BC 71 MAX |307 |DACIA |  |
564 |PFA FLOARES OCTAVIAN MARIAN |BC 71 TGY |65 |DACIA |  |
565 |PFA TAMBA GHEORGHE MARIAN |BC 71 TML |554 |DACIA |  |
566 |SC FAL INTER TRADE LTD SRL |BC 71 UBC |12 |DACIA |  |
568 |PFA LUCACI CRISTINEL |BC 72 AMA |493 |SKODA |  |
569 |SC FAL INTER TRADE LTD SRL |BC 72 CLM |13 |DACIA |  |
570 |PFA POPOVICI CONSTANTIN CORNELUS |BC 72 CLY |630 |DACIA |  |
571 |PFA KARPFEN RAMONA MARIA |BC 72 ENE |231 |DACIA |  |
572 |SC TAXI FLORINA SRL |BC 72 GGG |799 |DACIA |  |
573 |PFA TIMARU ANTON |BC 72 TIM |275 |DACIA |  |
574 |SC ARIS & ARMIN SRL |BC 72 TZY |18 |DACIA |  |
575 |PFA GABUROAIE SORIN |BC 72 UAO |54 |DACIA |  |
576 |IF ANTOHE GHEORGHE |BC 72 VRF |731 |HYUNDAI |  |
577 |SC CAB SERVICE SRL |BC 73 AFW |460 |DACIA |  |
578 |SC CAB SERVICE SRL |BC 73 AFY |52 |DACIA |  |
579 |SC FAL INTER TRADE LTD SRL |BC 73 DIL |480 |DACIA |  |
580 |PFA MILEA FLORINEL |BC 73 FIV |538 |RENAULT |  |
581 |SC CAB SERVICE SRL |BC 73 MAX |153 |DACIA |  |
582 |PFA MAFTEI MIOARA |BC 73 TKE |312 |DACIA |  |
583 |PFA BANU GABRIEL |BC 74 BAN |869 |DACIA |  |
584 |PFA BUNDUC SILVIU |BC 74 HIT |60 |DACIA |  |
585 |SC TAXI FLORINA SRL |BC 74 TKE |197 |DACIA |  |
586 |PFA OPREA ADRIAN-CONSTANTIN |BC 75 AMO |669 |SKODA |  |
587 |PFA RAILEANU MIHAI |BC 75 CNW |788 |DACIA |  |
588 |SC TAXI FLORINA SRL |BC 75 GXG |304 |LADA |  |
589 |SC MERYCOS S.R.L. |BC 75 LSR |825 |DACIA |  |
590 |PFA HUTANU IOAN |BC 75 LYH |479 |HYUNDAI |  |
591 |SC MALIRAM SERVICE SRL |BC 75 RAF |693 |DACIA |  |
592 |PFA BUCOVINEANU NICOLAE CATALIN |BC 75 TTB |632 |DACIA |  |
593 |SC MALIRAM SERVICE SRL |BC 75 WST |743 |DACIA |  |
594 |SC COM ORLEAN SRL |BC 76 BIV |783 |DACIA |  |
595 |PFA GUNEA ADRIAN CONSTANTIN |BC 76 GAC |334 |DACIA |  |
596 |PFA TATARU VIRGIL IONUT |BC 76 GYL |219 |VOLKSWAGEN |  |
597 |PFA MACOVEC IULIAN CONSTANTIN |BC 76 JUL |195 |DACIA |  |
598 |PFA SANDULACHE IONEL |BC 76 LST |34 |DACIA |  |
599 |PFA ANCHIDIN VICTOR MARIUS |BC 76 TTB |289 |DACIA |  |
600 |IF BARGU MIHAELA |BC 76 ULI |279 |DACIA |  |
601 |PFA VERMAN VASILE |BC 76 VIA |584 |DACIA |  |
602 |PFA TANTAREANU MIRCEA |BC 76 YOD |463 |DACIA |  |
603 |PFA ARSENI NECULAI FLORINEL |BC 77 ANF |699 |OPEL |  |
604 |SC CAB SERVICE SRL |BC 77 ARG |800 |DACIA |  |
605 |PFA BALINT FRANSCISC |BC 77 BEB |453 |DACIA |  |
606 |II DUMITRICA CONSTANTIN |BC 77 CBC |55 |DACIA |  |
607 |PFA DAMIAN ALEXANDRU |BC 77 CDA |450 |VOLKSWAGEN |  |
608 |PFA UNGUREANU GABRIEL COSTEL |BC 77 CRB |419 |RENAULT |  |
609 |PFA SFACA COSTEL IULIAN |BC 77 CTN |333 |VOLKSWAGEN |  |
610 |PFA UNGURIANU-MARDARE CIPRIAN |BC 77 LAC |600 |DACIA |  |
611 |PFA NISTOR MARICEL |BC 77 NIS |191 |SKODA |  |
612 |PFA TOFAN ALINA |BC 77 NOR |692 |DACIA |  |
613 |SC FAL INTER TRADE LTD SRL |BC 77 SDI |418 |DACIA |  |
614 |SC FULL AUTO TRADE SRL |BC 77 TAV |570 |BMW |  |
615 |SC FAL INTER TRADE LTD SRL |BC 78 AMO |830 |DACIA |  |
616 |SC TAXI NOSEC SRL |BC 78 BCV |643 |DACIA |  |
617 |PFA CRAESCU IULIAN-PETRICA |BC 78 GES |655 |DACIA |  |
618 |PFA ARUCSANDEI DUMITRU |BC 78 KRI |681 |HYUNDAI |  |
620 |PFA ARMENCEA GEORGE CRISTIAN |BC 78 TKE |297 |DACIA |  |
621 |SC CAB SERVICE SRL |BC 78 XMU |324 |DACIA |  |
622 |PFA BILCU ADI ALIN |BC 79 AAB |577 |DACIA |  |
623 |IF BUJOR ALIN IOAN |BC 79 BAI |434 |DACIA |  |
624 |PFA TOCILA CATALIN |BC 79 KAT |868 |DACIA |  |
625 |PFA CRISTOFOR COSTACHE |BC 79 TTT |729 |DACIA |  |
626 |SC FAL INTER TRADE LTD SRL |BC 80 GVA |620 |SKODA |  |
627 |PFA MAZILU ELENA |BC 80 LEN |679 |DACIA |  |
628 |SC MERYCOS S.R.L. |BC 80 LSR |70 |DACIA |  |
629 |PFA ROSU GELU |BC 80 ROS |589 |DACIA |  |
630 |PFA BORTO NECULAI |BC 81 BAN |80 |DACIA |  |
631 |PFA MORARU BOGDAN IONUT |BC 81 BOM |193 |CITROEN |  |
632 |SC TAXI FLORINA SRL |BC 81 KSY |609 |DACIA |  |
633 |SC SEVEN & THREE SRL |BC 81 PAX |51 |DACIA |  |
634 |PFA DUMITRU MIHAI TAXI |BC 81 TOP |849 |DACIA |  |
635 |PFA GURAMULTA COSTEL |BC 82 COS |433 |SKODA |  |
636 |PFA HRIBAN IULIANA |BC 82 CYP |590 |DACIA |  |
637 |SC TAXI FLORINA SRL |BC 82 DEN |583 |DACIA |  |
638 |PFA BORDEI DRAGOS-TUDOR |BC 82 FAL |24 |DACIA |  |
639 |SC FAL INTER TRADE LTD SRL |BC 82 KCC |500 |DACIA |  |
640 |PFA LUCACI VALENTIN VIOREL |BC 82 LUC |379 |SKODA |  |
641 |PFA MATALICA CIPRIAN IONUT |BC 82 MCI |118 |DACIA |  |
642 |PFA COJOCARU IOAN |BC 82 MIA |774 |DACIA |  |
643 |SC SEVEN & THREE SRL |BC 82 PAX |562 |DACIA |  |
644 |PFA PEPTINE EUSEBIU IONUT |BC 82 PEP |4 |VOLKSWAGEN |  |
645 |IF PARING COSTICA |BC 82 PMC |74 |OPEL |  |
646 |PFA DAVID JENICA |BC 82 TEO |217 |DACIA |  |
647 |SC FAL INTER TRADE LTD SRL |BC 83 FAL |361 |DACIA |  |
648 |SC LUNLOR SRL |BC 83 LAL |663 |DACIA |  |
649 |PFA OANCEA ADRIAN GENOVEL |BC 83 MGZ |685 |RENAULT |  |
650 |PFA MANOLE VASILE SIMION |BC 83 VAS |337 |SKODA |  |
651 |SC ARY & NIK SERV 888 SRL |BC 84 ARY |519 |DACIA |  |
652 |PFA SCUTARU ION |BC 84 EVI |754 |DACIA |  |
653 |IF AGACHE IONUT |BC 84 JON |10 |DACIA |  |
654 |PFA MARIN COSTEL CATALIN |BC 84 KAT |833 |DACIA |  |
655 |SC ARIS & ARMIN SRL |BC 84 NDS |854 |RENAULT |  |
656 |PFA CHELARIU NECULAI |BC 84 PAG |160 |FORD |  |
657 |PFA HRISOVESCU COSTICA |BC 85 CCH |249 |RENAULT |  |
658 |PFA ENASEL PAUL DANIEL |BC 85 EPB |347 |RENAULT |  |
659 |PFA RAICU CONSTANTIN-OVIDIU |BC 85 KOM |145 |SKODA |  |
660 |SC TAXI UYK SRL |BC 85 UYK |689 |DACIA |  |
661 |II ANDONIE IULIAN |BC 85 YUS |717 |CHEVROLET |  |
662 |II TIVLEA BIANCA ANAMARIA |BC 86 BUL |772 |DACIA |  |
663 |SC TAXI FLORINA SRL |BC 86 CEA |188 |DACIA |  |
664 |II ZOTA VIOREL |BC 86 DRG |476 |SKODA |  |
665 |PFA FRUNZETE VASILE |BC 86 FVM |247 |FORD |  |
666 |SC ARIS & ARMIN SRL |BC 86 GRA |130 |RENAULT |  |
667 |PFA HAIDAU SANDEL |BC 86 HAD |437 |DACIA |  |
668 |II VARNAV ADRIAN |BC 86 VAM |566 |DACIA |  |
669 |II ANDONIE IULIAN |BC 86 YUS |427 |OPEL |  |
670 |PFA ARMASU DOREL |BC 87 ADL |401 |SEAT |  |
672 |SC RAYMAN SOLUTIONS SRL |BC 87 RAY |359 |DACIA |  |
673 |SC FAL INTER TRADE LTD SRL |BC 88 ALY |38 |DACIA |  |
674 |PFA OBREJA IONEL ILARICA |BC 88 DIO |513 |DACIA |  |
675 |PFA VASILIU FLORIN ILIE |BC 88 FNB |127 |DACIA |  |
676 |SC MERYCOS S.R.L. |BC 88 LSR |827 |DACIA |  |
677 |PFA ANUTA VASILE |BC 88 PIS |205 |RENAULT |  |
678 |PFA SOARE CONSTANTIN IULIAN |BC 88 SYR |302 |DACIA |  |
679 |PFA URSU NELU |BC 88 UPG |778 |DACIA |  |
680 |PFA PRISACARA IOAN |BC 88 UPW |92 |DACIA |  |
681 |PFA BALAITA VALERIAN |BC 88 VAL |206 |RENAULT |  |
682 |PFA JUNCU FLORINEL |BC 88 ZWD |722 |DACIA |  |
683 |PFA NEAGU ARVINTE |BC 89 ARM |659 |DACIA |  |
684 |PFA STOIAN VASILE BOGDAN |BC 89 CLV |651 |SKODA |  |
685 |SC UBC-TRANS SRL |BC 89 DRG |384 |CHEVROLET |  |
686 |SC GPK ROMTRANS SRL |BC 89 GPK |580 |DACIA |  |
687 |II GRAJDEANU PETRU |BC 89 GRA |259 |DACIA |  |
688 |II CONSTANTINESCU ANCA |BC 89 NFS |19 |DACIA |  |
689 |SC FAL INTER TRADE LTD SRL |BC 89 TZU |417 |RENAULT |  |
690 |PFA ATOMEI ALEXANDRU |BC 89 UBY |752 |VOLKSWAGEN |  |
691 |SC FAL INTER TRADE LTD SRL |BC 90 CAN |345 |VOLKSWAGEN |  |
692 |PFA ENASEL PAVEL |BC 90 ENA |677 |RENAULT |  |
693 |PFA CHEPTANARU IOAN |BC 90 LAL |325 |RENAULT |  |
694 |SC MERYCOS S.R.L. |BC 90 LSR |641 |DACIA |  |
695 |SC CAB SERVICE SRL |BC 90 MAK |292 |DACIA |  |
696 |PFA MARCU DANIELA |BC 90 MYS |291 |DACIA |  |
697 |PFA HIGIU CIPRIAN IOAN |BC 91 GMG |608 |SEAT |  |
698 |PFA COSA SILVESTRU |BC 92 AFB |667 |DACIA |  |
699 |PFA ROMAN GABRIEL CONSTANTIN |BC 92 BYA |471 |FORD |  |
700 |SC FAL INTER TRADE LTD SRL |BC 92 RUX |42 |RENAULT |  |
701 |PFA DIMITRIU CONSTANTIN |BC 92 TTB |645 |DACIA |  |
702 |SC FAL INTER TRADE LTD SRL |BC 93 KNC |240 |DACIA |  |
703 |PFA HENTES ION |BC 93 NPR |1 |DACIA |  |
704 |PFA RUSU GELU |BC 93 RLG |318 |DACIA |  |
705 |PFA CARABAT SERGIU MIHAI |BC 93 SRG |527 |DACIA |  |
706 |PFA CHEPTANARU MARIA |BC 94 CMX |472 |RENAULT |  |
707 |SC TAXI FLORINA SRL |BC 94 GBI |192 |DACIA |  |
708 |PFA BIGHIU IONUT LUCIAN |BC 95 BIG |809 |DACIA |  |
709 |PFA BONDALICI PETRICA |BC 95 EMI |715 |DACIA |  |
710 |SC TAXI FLORINA SRL |BC 95 FBI |190 |DACIA |  |
711 |SC GPK ROMTRANS SRL |BC 95 GPK |203 |DACIA |  |
712 |SC CAB SERVICE SRL |BC 95 MYS |616 |DACIA |  |
713 |PFA POPA IOAN CRISTINEL |BC 95 POP |456 |VOLVO |  |
714 |PFA SANGIU DANIEL CONSTANTIN |BC 95 STF |198 |SKODA |  |
715 |PFA NEDELCU VASILICA |BC 96 FBI |862 |DACIA |  |
716 |SC GPK ROMTRANS SRL |BC 96 GPK |706 |DACIA |  |
717 |PFA PAULET IRINEL |BC 96 MIP |560 |RENAULT |  |
718 |PFA ALBAN CONSTANTIN |BC 96 NCA |711 |DACIA |  |
719 |PFA CIUDIN ORLANDO DANIEL |BC 96 RED |719 |DACIA |  |
720 |PFA GHIDALOVICI MIHAI IULIAN |BC 97 GAD |591 |VOLKSWAGEN |  |
721 |SC ECA CONFORT TAXI SRL |BC 98 ECA |125 |SKODA |  |
722 |PFA BRATESCU VIRGIL-GHEORGHE |BC 98 MLD |354 |DACIA |  |
723 |PFA GIRIP RADU  |BC 98 PIR |266 |DACIA |  |
724 |IF SICOE CONSTANTIN |BC 98 SKN |57 |DACIA |  |
725 |PFA CHIRIAC GABRIEL |BC 99 AFG |9 |FORD |  |
726 |PFA GHIRVU GHEORGHE |BC 99 ALM |319 |DACIA |  |
727 |PFA RUSU VASILE |BC 99 BIA |250 |SKODA |  |
728 |PFA POLCOVNICU SORINEL |BC 99 DIS |461 |DACIA |  |
729 |SC MERYCOS S.R.L. |BC 99 LSR |245 |DACIA |  |
730 |PFA TOFAN NICOLAE |BC 99 RZV |377 |DACIA |  |
731 |PFA BOACA VASILE CATALIN |BC 99 SDB |343 |DACIA |  |
732 |PFA BURCA ANDONIE CONSTANTIN |BC 99 SKY |79 |DACIA |  |
733 |II CHIFANE DANUT |BC 99 STL |148 |HYUNDAI |  |
734 |SC TAXI UYK SRL |BC 99 UYK |840 |DACIA |  |
735 |SC TAXI FLORINA SRL |CJ 43 FYL |563 |DACIA |  |